,SUM,RATIO
povWtotal,74214582,1.00000000
povW100,12354858,0.16647480
povW100_199,13417150,0.18078859
povW200,48442574,0.65273660